timestamp,datetime,service/carts/qps(2xx),service/carts/latency,service/catalogue/qps(2xx),service/catalogue/latency,service/front-end/qps(2xx),service/front-end/latency,service/orders/qps(2xx),service/orders/latency,service/payment/qps(2xx),service/payment/latency,service/shipping/qps(2xx),service/shipping/latency,service/user/qps(2xx),service/user/latency
1586241000,2020-04-07 14:30:00,0,null,0,0.003709018999998648,3.333333333333333,0.002891706520000153,0,null,0,0.0032620145000006318,0,null,0,0.003825983000000477
1586241010,2020-04-07 14:30:10,0,null,0,0.003709018999998648,5.0999188915925036,0.13791284502627843,0,null,0,0.0032620145000006318,0,null,0,0.003825983000000477
1586241020,2020-04-07 14:30:20,76.63333333333333,0.7641559947570228,8.633333333333331,0.011106215981327055,23.83325222492584,0.35094360214176534,0,null,0,0.002519802500000168,0,null,73.8,0.02376430455005284
1586241030,2020-04-07 14:30:30,76.63333333333333,0.7641559947570228,8.633333333333333,0.011106215981327055,39.19938446496228,0.3838835377189534,0.43332888918516543,0.4775442501498114,0,0.002519802500000168,0.43333333333333335,0.0016784459999843629,73.8,0.02376430455005284
1586241040,2020-04-07 14:30:40,76.63333333333333,0.7641559947570228,8.633333333333333,0.011106215981327055,68.09844779559201,0.40036014493470856,1.2999955558518321,0.2020350053546284,0,0.002519802500000168,0.43333333333333335,0.0016784459999843629,73.8,0.02376430455005284
1586241050,2020-04-07 14:30:50,86.36666666666667,0.2451277682198144,34.33333333333333,0.0035468397355423596,149.25400335114756,0.3648609529577791,2.299995555851832,0.1677613600046087,5.432608985468605,0.0009684070544938482,0.43333333333333335,0.0016784459999843629,203.93333333333337,0.01852769141049517
1586241060,2020-04-07 14:31:00,86.36666666666667,0.2451277682198144,34.333333333333336,0.003546839735542359,165.9344078135938,0.3097446241765394,9.000115563259772,0.07540126912369256,5.432608985468605,0.0009684070544938482,11.733333333333333,0.0012970810653391918,203.93333333333337,0.01852769141049517
1586241070,2020-04-07 14:31:10,86.36666666666667,0.2451277682198144,34.333333333333336,0.003546839735542359,162.66774114692714,0.23661899851199483,12.600115563259772,0.07058545036864607,5.432608985468605,0.0009684070544938482,11.733333333333333,0.0012970810653391918,203.93333333333337,0.01852769141049517
1586241080,2020-04-07 14:31:20,93.5,0.042045503092449116,35.23333333333333,0.0032568398450551843,164.49984563233318,0.07788602631821943,16.26678222992644,0.06269199169914065,22.269635951460195,0.0007230782313338495,11.733333333333333,0.0012970810653391918,240.66666666666666,0.015299180672566942
1586241090,2020-04-07 14:31:30,93.5,0.042045503092449116,35.233333333333334,0.0032568398450551843,166.69877115207274,0.07915840257511095,25.433333333333337,0.06328059901312337,22.269635951460195,0.0007230782313338495,26,0.0015693486769240012,240.66666666666666,0.015299180672566942
1586241100,2020-04-07 14:31:40,93.5,0.042045503092449116,35.233333333333334,0.0032568398450551843,168.13210448540605,0.08332239557188988,26.833333333333336,0.06482784813914867,22.269635951460195,0.0007230782313338495,26,0.0015693486769240012,240.66666666666666,0.015299180672566942
1586241110,2020-04-07 14:31:50,102.43333333333334,0.04196459490118776,34.59884670510983,0.003526046987297171,173.66219655969314,0.09621584615554399,28.333333333333336,0.06769205950469767,30.80205347023135,0.0007929130334670358,26,0.0015693486769240012,266.3666666666667,0.0195420201991766
1586241120,2020-04-07 14:32:00,102.43333333333334,0.04196459490118776,34.59884670510983,0.003526046987297171,175.06219655969312,0.11345692439278497,32.13333333333333,0.10897958518258045,30.80205347023135,0.0007929130334670358,32.666666666666664,0.0016053921918353586,266.3666666666667,0.0195420201991766
1586241130,2020-04-07 14:32:10,102.43333333333334,0.04196459490118776,34.59884670510983,0.003526046987297171,176.86330104095362,0.12949337960338816,33.33333333333333,0.11751580036100862,30.80205347023135,0.0007929130334670358,32.666666666666664,0.0016053921918353586,266.3666666666667,0.0195420201991766
1586241140,2020-04-07 14:32:20,107.39999999999998,0.09940824667872174,34.234474482482746,0.003659541061963674,176.44034991105434,0.16963657956745395,33.86666666666667,0.12300489203051786,36.263040362630406,0.0008411035862373501,32.666666666666664,0.0016053921918353586,286.1333333333333,0.03686248513211395
1586241150,2020-04-07 14:32:30,107.39999999999998,0.09940824667872174,34.234474482482746,0.003659541061963674,176.107016577721,0.15628997520127122,35.266666666666666,0.09516883178732902,36.2630403626304,0.0008411035862373501,35.43333333333333,0.0021947260733780885,286.1333333333333,0.03686248513211395
1586241160,2020-04-07 14:32:40,107.39999999999998,0.09940824667872174,34.23447448248275,0.003659541061963674,175.70482102171854,0.142173770184199,34.86666666666667,0.08907760522465502,36.2630403626304,0.0008411035862373501,35.43333333333333,0.0021947260733780885,286.1333333333333,0.03686248513211395
1586241170,2020-04-07 14:32:50,108.03333333333333,0.05935996115697507,34.79999999999999,0.0038341199367916746,178.0310778529605,0.11418950819223356,35.799745564036755,0.08845977588496437,36.303630363036305,0.0007171017341751032,35.43333333333333,0.0021947260733780885,285.76666666666665,0.02019124830698741
1586241180,2020-04-07 14:33:00,108.03333333333333,0.05935996115697507,34.8,0.0038341199367916746,179.43107785296047,0.11855840790429428,36.63307889737009,0.09660784423958058,36.3036303630363,0.0007171017341751031,37.266666666666666,0.0023552020357793238,285.76666666666665,0.02019124830698741
1586241190,2020-04-07 14:33:10,108.03333333333333,0.05935996115697507,34.8,0.0038341199367916746,179.36659118622217,0.12542574082889119,37.09950779418464,0.09633160225248104,36.3036303630363,0.0007171017341751031,37.266666666666666,0.0023552020357793238,285.76666666666665,0.02019124830698741
1586241200,2020-04-07 14:33:20,103.30000000000001,0.048970000403367485,35.033333333333324,0.0033737524037009145,177.03556785226172,0.13169551521460884,35.9333111262222,0.09292698229227644,35.094150974837525,0.0007943608229154705,37.266666666666666,0.0023552020357793238,279.4906836438786,0.028410923701305747
1586241210,2020-04-07 14:33:30,103.30000000000001,0.048970000403367485,35.03333333333333,0.003373752403700914,176.3022345189284,0.1331153365316611,34.099977792888865,0.10113111779644123,35.094150974837525,0.0007943608229154705,33.5,0.0016350540089550222,279.4906836438786,0.028410923701305747
1586241220,2020-04-07 14:33:40,103.30000000000001,0.048970000403367485,35.03333333333333,0.003373752403700914,175.43341896240747,0.1307646786586648,33.733774459148634,0.10316017815821368,35.094150974837525,0.0007943608229154705,33.5,0.0016350540089550222,279.4906836438786,0.028410923701305747
1586241230,2020-04-07 14:33:50,101.76666666666667,0.05973699543818405,32.666666666666664,0.003922581799506666,175.89894003533212,0.12340645058271289,34.30022556307432,0.10380974823726959,34.737965062008264,0.0008833078523460363,33.5,0.0016350540089550222,278.80929364312146,0.023728267158686273
1586241240,2020-04-07 14:34:00,101.76666666666667,0.05973699543818405,32.666666666666664,0.003922581799506666,175.56560670199877,0.1320419120398089,35.133558896407656,0.10627863702039173,34.737965062008264,0.0008833078523460363,35.2,0.002007162624054079,278.80929364312146,0.023728267158686273
1586241250,2020-04-07 14:34:10,101.76666666666667,0.05973699543818405,32.666666666666664,0.003922581799506666,176.5333333333333,0.13830282327327978,34.833333333333336,0.11561251910241904,34.737965062008264,0.0008833078523460363,35.2,0.002007162624054079,278.80929364312146,0.023728267158686273
1586241260,2020-04-07 14:34:20,105.39999999999999,0.12935498679014756,33.3,0.004066811319612836,176.83333333333334,0.1796552661144175,35.06666666666666,0.12595660708460985,36.03453448448282,0.0008067526897438673,35.2,0.002007162624054079,285.3,0.03573674327412918
1586241270,2020-04-07 14:34:30,105.39999999999999,0.12935498679014756,33.3,0.004066811319612837,177,0.17118891839481537,35.06666666666667,0.12735127150282846,36.03453448448282,0.0008067526897438673,34.96550114996167,0.0017726453231651706,285.3,0.03573674327412918
1586241280,2020-04-07 14:34:40,105.39999999999999,0.12935498679014756,33.3,0.004066811319612837,176.5010755914086,0.1620455784339033,35.16666666666667,0.1181990581450052,36.03453448448282,0.0008067526897438673,34.96550114996167,0.0017726453231651706,285.3,0.03573674327412918
1586241290,2020-04-07 14:34:50,105.09649678344053,0.06593971622367246,35.93213559548015,0.004079713409525267,174.76774225807523,0.12679718314967536,34.8,0.10726320633523431,34.432185593813536,0.0007455271932247067,34.96550114996167,0.0017726453231651706,273.9,0.025234152264355856
1586241300,2020-04-07 14:35:00,105.09649678344053,0.06593971622367246,35.93213559548015,0.004079713409525267,175.1344089247419,0.12896061517842974,33.599116740104265,0.10381459637744347,34.432185593813536,0.0007455271932247067,33.31667499583541,0.0020270816970028136,273.9,0.025234152264355856
1586241310,2020-04-07 14:35:10,105.09649678344053,0.06593971622367246,35.93213559548015,0.004079713409525267,174.66666666666663,0.13815116485518064,33.56578340677093,0.10577590417953732,34.432185593813536,0.0007455271932247067,33.31667499583541,0.0020270816970028136,273.9,0.025234152264355856
1586241320,2020-04-07 14:35:20,98.40328010933699,0.07815900320374296,32.465584480517315,0.004153517818817102,173.56666666666663,0.14824076768360292,33.46578340677093,0.10926819303360608,33.034434481149376,0.0007974706122985079,33.31667499583541,0.0020270816970028136,269.56666666666666,0.03134825628410174
1586241330,2020-04-07 14:35:30,98.40328010933699,0.07815900320374296,32.465584480517315,0.004153517818817101,172.83333333333331,0.15099961041517204,33.36759229952574,0.11114404318381468,33.034434481149376,0.0007974706122985079,33.284418356456776,0.0023976673607222034,269.56666666666666,0.03134825628410174
1586241340,2020-04-07 14:35:40,98.40328010933699,0.07815900320374296,32.465584480517315,0.004153517818817101,172.5656155905914,0.14971003369966882,33.40092563285907,0.11014769321519631,33.034434481149376,0.0007974706122985079,33.284418356456776,0.0023976673607222034,269.56666666666666,0.03134825628410174
1586241350,2020-04-07 14:35:50,102.03333333333333,0.07402739326535168,34.90116337211241,0.004359208633118052,175.1310889637012,0.14792050649319186,32.96738008437735,0.10973607982650034,33.433333333333344,0.0007051013761054861,33.284418356456776,0.0023976673607222034,270.16666666666663,0.027418448842664825
1586241360,2020-04-07 14:36:00,102.03333333333333,0.07402739326535168,34.90116337211241,0.004359208633118052,174.0310889637012,0.1475477153224088,33.133121118184945,0.11758179774553437,33.43333333333333,0.0007051013761054864,33.75766462276726,0.0021752758509367785,270.16666666666663,0.027418448842664825
1586241370,2020-04-07 14:36:10,102.03333333333333,0.07402739326535168,34.90116337211241,0.004359208633118052,174.46547337310975,0.15734041151446143,33.46645445151828,0.13173033190843292,33.43333333333333,0.0007051013761054864,33.75766462276726,0.0021752758509367785,270.16666666666663,0.027418448842664825
1586241380,2020-04-07 14:36:20,101.1430666177892,0.18490636396499233,33.666666666666664,0.004033055261809686,171.2899767214407,0.2235806849404998,34.36690889696323,0.1458730452070524,33.798873370887634,0.0009544894143364128,33.75766462276726,0.0021752758509367785,270.40000000000003,0.04636102618757957
1586241390,2020-04-07 14:36:30,101.1430666177892,0.18490636396499233,33.666666666666664,0.004033055261809686,172.42331005477402,0.24860363017079323,33.86671445900005,0.18778179974897938,33.798873370887634,0.0009544894143364128,34.342491331021606,0.002393541559222815,270.40000000000003,0.04636102618757957
1586241400,2020-04-07 14:36:40,101.1430666177892,0.18490636396499233,33.666666666666664,0.004033055261809686,172.42331005477402,0.2457138320129952,32.93338112566672,0.1808170907082475,33.798873370887634,0.0009544894143364128,34.342491331021606,0.002393541559222815,270.40000000000003,0.04636102618757957
1586241410,2020-04-07 14:36:50,100.18670400746814,0.08094483267398903,33.967798926630884,0.005093135529051161,173.64471674835784,0.19092094273505197,32.06647222870349,0.17020763883267825,33.83446114870496,0.0009060194345922409,34.342491331021606,0.002393541559222815,272.6666666666667,0.04054088741657011
1586241420,2020-04-07 14:37:00,100.18670400746814,0.08094483267398903,33.967798926630884,0.005093135529051161,174.2113834150245,0.1659866603363986,32.666455592739034,0.12216659870507884,33.83446114870496,0.0009060194345922409,32.5,0.0028999346348721772,272.6666666666667,0.04054088741657011
1586241430,2020-04-07 14:37:10,100.18670400746814,0.08094483267398903,33.96779892663089,0.005093135529051161,174.0780500816912,0.16109388750177556,33.50001560029484,0.1197141215848574,33.83446114870496,0.0009060194345922409,32.5,0.0028999346348721772,272.6666666666667,0.04054088741657011
1586241440,2020-04-07 14:37:20,101.43671455715192,0.07914926767099101,32.56666666666666,0.004087761703749303,172.93216115018393,0.1638863225571492,34.20001560029484,0.12085878552638847,33.933333333333344,0.0008555154225213878,32.5,0.0028999346348721772,273.8,0.04112104426846105
1586241450,2020-04-07 14:37:30,101.43671455715192,0.07914926767099101,32.56666666666667,0.004087761703749302,172.96428563492333,0.16672900488068096,35.10067781540966,0.1271258125833156,33.93333333333333,0.0008555154225213879,34.13333333333333,0.002137531180662844,273.8,0.04112104426846105
1586241460,2020-04-07 14:37:40,101.43671455715192,0.07914926767099101,32.56666666666667,0.004087761703749302,172.83095230158997,0.16592374677488272,35.133556704335085,0.12787154421375715,33.93333333333333,0.0008555154225213879,34.13333333333333,0.002137531180662844,273.8,0.04112104426846105
1586241470,2020-04-07 14:37:50,100.63333333333334,0.09205590915476267,33.06666666666666,0.003954860796026935,173.43328118996288,0.16887494218742177,33.80003115518672,0.12785633394303852,34.26209838688175,0.0009214912378672,34.13333333333333,0.002137531180662844,274.66666666666663,0.03770688774038857
1586241480,2020-04-07 14:38:00,100.63333333333334,0.09205590915476267,33.06666666666667,0.003954860796026934,172.66900674466925,0.1732102274249596,32.39868342077051,0.13800453974000923,34.26209838688175,0.0009214912378672,32.8,0.002529675181912024,274.66666666666663,0.03770688774038857
1586241490,2020-04-07 14:38:10,100.63333333333334,0.09205590915476267,33.06666666666667,0.003954860796026934,171.46900674466926,0.19955933002050197,31.83224452428928,0.15555605784480936,34.26209838688175,0.0009214912378672,32.8,0.002529675181912024,274.66666666666663,0.03770688774038857
1586241500,2020-04-07 14:38:20,99.70000000000002,0.18351029862792542,33.13333333333333,0.004491662627737319,168.93451670611242,0.2849091198343076,33.29934452591939,0.17120300853514248,32.604347246299504,0.0010820375071323401,32.8,0.002529675181912024,259.6333333333333,0.07869708031520153
1586241510,2020-04-07 14:38:30,99.70000000000002,0.18351029862792542,33.13333333333333,0.004491662627737319,167.70000000000002,0.30754586422222374,33.80117230997075,0.22204078447086437,32.604347246299504,0.0010820375071323401,33.5,0.0020108747890546183,259.6333333333333,0.07869708031520153
1586241520,2020-04-07 14:38:40,99.70000000000002,0.18351029862792542,33.13333333333333,0.004491662627737319,169.76666666666668,0.2881806611981595,33.76783897663742,0.2059373039472586,32.604347246299504,0.0010820375071323401,33.5,0.0020108747890546183,259.6333333333333,0.07869708031520153
1586241530,2020-04-07 14:38:50,101.86666666666667,0.11554665263942658,35.133333333333326,0.005354111598163402,172.33217448307275,0.22305132311477693,33.100931190822344,0.19238029818670602,34.433333333333344,0.0008841461603923241,33.5,0.0020108747890546183,274.6333333333334,0.04094405620895581
1586241540,2020-04-07 14:39:00,101.86666666666667,0.11554665263942658,35.13333333333333,0.0053541115981634016,174.0309756341455,0.20023817882206885,33.666666666666664,0.12916988622279257,34.43333333333333,0.0008841461603923244,34.6,0.002166357950867369,274.6333333333334,0.04094405620895581
1586241550,2020-04-07 14:39:10,101.86666666666667,0.11554665263942658,35.13333333333333,0.0053541115981634016,172.6309756341455,0.20554822860232844,34.199999999999996,0.13552425885772518,34.43333333333333,0.0008841461603923244,34.6,0.002166357950867369,274.6333333333334,0.04094405620895581
1586241560,2020-04-07 14:39:20,103.03333333333333,0.11711576795804217,32.13333333333333,0.004477060055809823,172.79880115107272,0.2137885224793649,35.166164477923694,0.13607444955918027,34.99883337222092,0.0009748368907082528,34.6,0.002166357950867369,277.9,0.05163021222540312
1586241570,2020-04-07 14:39:30,103.03333333333333,0.11711576795804217,32.13333333333333,0.0044770600558098235,172.23215337266532,0.2169086302899449,33.99930226221977,0.14950349152368342,34.99883337222092,0.0009748368907082528,34.03333333333333,0.00229140675024493,277.9,0.05163021222540312
1586241580,2020-04-07 14:39:40,103.03333333333333,0.11711576795804217,32.13333333333333,0.0044770600558098235,172.4644400742197,0.21359852620398773,33.86596892888644,0.14499854495375286,34.99883337222092,0.0009748368907082528,34.03333333333333,0.00229140675024493,277.9,0.05163021222540312
1586241590,2020-04-07 14:39:50,103.13333333333333,0.1148511932877988,34.49999999999999,0.004492426812902664,171.5989301127766,0.21954101485242827,33.30026892637222,0.14757703244576814,33.3,0.0008793293915935727,34.03333333333333,0.00229140675024493,265.0666666666667,0.053285968516992945
1586241600,2020-04-07 14:40:00,103.13333333333333,0.1148511932877988,34.5,0.004492426812902664,171.96916134352924,0.22443613131547344,33.26735670515046,0.15372447249856622,33.3,0.0008793293915935728,32.561239793367776,0.0020236871074720093,265.0666666666667,0.053285968516992945
1586241610,2020-04-07 14:40:10,103.13333333333333,0.1148511932877988,34.5,0.004492426812902664,171.43790356516118,0.24193662674457853,33.83402337181713,0.17557554049974416,33.3,0.0008793293915935728,32.561239793367776,0.0020236871074720093,265.0666666666667,0.053285968516992945
1586241620,2020-04-07 14:40:20,92.28769497400347,0.1651226650593058,32.166666666666664,0.004327082081645156,164.7022802310475,0.31098603423362786,32.333194476257894,0.18453112618075707,32.93443114770493,0.0009044798646439537,32.561239793367776,0.0020236871074720093,262.4,0.09495806026812242
1586241630,2020-04-07 14:40:30,92.28769497400347,0.1651226650593058,32.166666666666664,0.004327082081645157,128.93322896096285,0.34106783200142876,27.132968913183564,0.2909611618716551,32.93443114770493,0.0009044798646439537,24.964170249641704,0.0021464786889185405,262.4,0.09495806026812242
1586241640,2020-04-07 14:40:40,92.28769497400347,0.1651226650593058,32.166666666666664,0.004327082081645157,98.06553337110985,0.34013911604867497,21.83284225496078,0.3141657497466154,32.93443114770493,0.0009044798646439537,24.964170249641704,0.0021464786889185405,262.4,0.09495806026812242
1586241650,2020-04-07 14:40:50,26.036804907320974,0.20923540906105803,15.9317401593174,0.007530673552395021,38.63462115403846,7.925295780864044,17.532584784563284,0.38247939774801476,6.563166311300639,0.0004917006949959735,24.964170249641704,0.0021464786889185405,94.05099150141642,0.9087982972277768
1586241660,2020-04-07 14:41:00,26.036804907320974,0.20923540906105803,15.931740159317402,0.007530673552395021,38.63462115403846,8.390049575969826,7.9624680163575805,0.8506011585720391,6.563166311300639,0.0004917006949959735,8.633333333333333,0.0013595893243233416,94.05099150141642,0.9087982972277768
1586241670,2020-04-07 14:41:10,26.036804907320974,0.20923540906105803,15.931740159317402,0.007530673552395021,38.63462115403847,8.390049575969828,8.362748018136603,0.9934453853691431,6.563166311300639,0.0004917006949959735,8.633333333333333,0.0013595893243233416,94.05099150141642,0.9087982972277768
1586241680,2020-04-07 14:41:20,42.36666666666667,0.12637053216556532,14.768143481014766,0.010366272575113557,null,null,10.265211013346665,1.0143846006282582,11.371215152727757,0.0007954288158440551,8.633333333333333,0.0013595893243233416,104.64030935395695,0.5475093218251211
1586241690,2020-04-07 14:41:30,42.36666666666667,0.12637053216556532,14.768143481014766,0.010366272575113557,null,null,10.503470539926104,1.6643249788623404,11.371215152727757,0.0007954288158440551,9.66924513203521,0.0014344882999999943,104.64030935395695,0.5475093218251211
1586241700,2020-04-07 14:41:40,42.36666666666667,0.12637053216556532,14.768143481014766,0.010366272575113557,null,null,9.4366505297032,1.8682905919543389,11.371215152727757,0.0007954288158440551,9.66924513203521,0.0014344882999999943,104.64030935395695,0.5475093218251211
1586241710,2020-04-07 14:41:50,16.2,0.1693540790979475,10.333333333333332,0.013418124660147416,null,null,7.667536374686123,2.214780683747382,6.100813441792239,0.0007967200486068832,9.66924513203521,0.0014344882999999943,72.99513365775614,1.048091120417372
1586241720,2020-04-07 14:42:00,16.2,0.1693540790979475,10.333333333333334,0.013418124660147416,null,null,5.599533626757758,3.597003074788444,6.100813441792239,0.0007967200486068832,4.933333333333334,0.0015635652026992066,72.99513365775614,1.0480911204173722
1586241730,2020-04-07 14:42:10,16.2,0.1693540790979475,10.333333333333334,0.013418124660147416,null,null,5.498929504511844,3.467126702168246,6.100813441792239,0.0007967200486068832,4.933333333333334,0.0015635652026992066,72.99513365775614,1.0480911204173722
1586241740,2020-04-07 14:42:20,23.866666666666667,0.10802837968334866,9.066364454518181,0.008505903956232966,8.153599400099983,8.681047473490263,4.9999093958363545,3.533410179933766,5.6000000000000005,0.00254278070006138,4.933333333333334,0.0015635652026992066,48.874812468744786,0.6081574044493114
1586241750,2020-04-07 14:42:30,23.866666666666667,0.10802837968334866,9.066364454518181,0.008505903956232966,10.447661500860967,8.794085959610827,6.1997316088724235,2.0164682322079477,5.6,0.0025427807000613797,6.1,0.0022531517158469916,48.874812468744786,0.6081574044493114
1586241760,2020-04-07 14:42:40,23.866666666666667,0.10802837968334866,9.066364454518181,0.008505903956232966,12.74172360162195,8.866420799184926,7.6681295528855475,1.719846956615312,5.6,0.0025427807000613797,6.1,0.0022531517158469916,48.874812468744786,0.6081574044493114
1586241770,2020-04-07 14:42:50,34.471285020296804,0.07982367086311626,10.900363345444847,0.005566482188067288,36.49910129137437,10.092450806194426,8.934422711915317,1.499705856603296,11.398480202639648,0.0011027812122611942,6.1,0.0022531517158469916,89.9636678777374,0.4325239962714509
1586241780,2020-04-07 14:43:00,34.471285020296804,0.07982367086311626,10.900363345444847,0.005566482188067288,49.92785574295466,8.35530091418974,11.165491626980016,2.07514546144572,11.398480202639648,0.0011027812122611942,11.866666666666667,0.0012237484241560768,89.9636678777374,0.4325239962714509
1586241790,2020-04-07 14:43:10,34.471285020296804,0.07982367086311626,10.90036334544485,0.005566482188067288,52.99434194629106,8.17498348093317,10.797921160881705,2.071183912158783,11.398480202639648,0.0011027812122611942,11.866666666666667,0.0012237484241560768,89.9636678777374,0.4325239962714509
1586241800,2020-04-07 14:43:20,33.62494991318285,0.0820785993281117,12.966666666666665,0.008657979071088489,65.93049742261933,10.706483409504113,11.497736728732736,2.0656142378691693,10.267693436010267,0.002728959825782076,11.866666666666667,0.0012237484241560768,94.83649454981833,0.46270569685309904
1586241810,2020-04-07 14:43:30,33.62494991318285,0.0820785993281117,12.966666666666667,0.008657979071088489,64.95739808727151,11.239288403147738,9.567395695721443,1.159750267397548,10.267693436010267,0.002728959825782076,12.3,0.0011859857235775638,94.83649454981833,0.46270569685309904
1586241820,2020-04-07 14:43:40,33.62494991318285,0.0820785993281117,12.966666666666667,0.008657979071088489,64.89072030912337,11.25095504008615,10.567172340052542,1.2528863748248689,10.267693436010267,0.002728959825782076,12.3,0.0011859857235775638,94.83649454981833,0.46270569685309904
1586241830,2020-04-07 14:43:50,42.82619563406099,0.17905778097467143,12.799999999999999,0.00644682241457452,9.732702264293492,0.5978796357644357,9.867494559165085,1.363011897949946,13.766666666666664,0.000712210891539895,12.3,0.0011859857235775638,112.39961344929854,0.8049887577509218
1586241840,2020-04-07 14:44:00,42.82619563406099,0.17905778097467143,12.8,0.006446822414574521,0.26666666666666666,0.10590209787499999,8.833577888306511,1.9484371966219585,13.766666666666667,0.0007122108915398949,9.023407584989846,0.0010695545461220216,112.39961344929854,0.8049887577509218
1586241850,2020-04-07 14:44:10,42.82619563406099,0.17905778097467143,12.8,0.006446822414574521,0.03332888948140248,0.35765206100000024,6.665526355299421,2.2229056196945693,13.766666666666667,0.0007122108915398949,9.023407584989846,0.0010695545461220216,112.39961344929854,0.8049887577509218
1586241860,2020-04-07 14:44:20,24.45362473347548,0.09961129090583304,9.833333333333332,0.009296398208987632,0.03332888948140248,0.35765206100000024,5.532055235002512,2.2858233228022904,7.3980271927486,0.0006883942755423947,9.023407584989846,0.0010695545461220216,54.61274297336044,0.33781782035206576
1586241870,2020-04-07 14:44:30,24.45362473347548,0.09961129090583304,9.833333333333334,0.009296398208987632,0.03332888948140248,0.3576520610000002,6.6966305965329616,1.236168970555958,7.3980271927486,0.0006883942755423947,7.107818600460507,0.0008962345868553177,54.612742973360454,0.3378178203520658
1586241880,2020-04-07 14:44:40,24.45362473347548,0.09961129090583304,9.833333333333334,0.009296398208987632,34.41760898312054,7.522365932078584,6.766157380699894,1.2266457448194523,7.3980271927486,0.0006883942755423947,7.107818600460507,0.0008962345868553177,54.612742973360454,0.3378178203520658
1586241890,2020-04-07 14:44:50,26.420255529239085,0.13589067154535225,10.732975567481082,0.011703698732146084,39.09026013712483,7.812857929862628,7.465830779353497,1.2423105446889235,6.234788117227354,0.0005782394468110177,7.107818600460507,0.0008962345868553177,66.90446029735317,0.6614368671336314
1586241900,2020-04-07 14:45:00,26.420255529239085,0.13589067154535225,10.732975567481082,0.011703698732146084,39.27059372603927,8.070990576283048,8.63673954918299,1.7913565169775558,6.234788117227354,0.0005782394468110177,9.533333333333333,0.0010261960314685646,66.90446029735317,0.6614368671336314
1586241910,2020-04-07 14:45:10,26.420255529239085,0.13589067154535225,10.732975567481082,0.011703698732146084,39.233333333333334,11.639035787448995,9.801930964689813,1.6237797095369446,6.234788117227354,0.0005782394468110177,9.533333333333333,0.0010261960314685646,66.90446029735317,0.6614368671336314
1586241920,2020-04-07 14:45:20,33.63333333333333,0.08716060810948723,12.400413347111568,0.005757521104635914,42.84172388246276,10.885037980760089,10.102515378188944,1.5501773009763762,10.867028900963364,0.0010365356677066837,9.533333333333333,0.0010261960314685646,92.76666666666667,0.455581296047276
1586241930,2020-04-07 14:45:30,33.63333333333333,0.08716060810948723,12.400413347111568,0.005757521104635914,52.24229965151402,9.045273321250363,9.533752265375474,1.4169910998419084,10.867028900963367,0.0010365356677066837,10.433333333333334,0.0011384294920137148,92.76666666666667,0.455581296047276
1586241940,2020-04-07 14:45:40,33.63333333333333,0.08716060810948723,12.400413347111572,0.0057575211046359135,16.03444715513367,0.7272210774386569,10.533202357026866,1.516257428757125,10.867028900963367,0.0010365356677066837,10.433333333333334,0.0011384294920137148,92.76666666666667,0.455581296047276
1586241950,2020-04-07 14:45:50,46.400000000000006,0.07150611827813103,15.132324511699219,0.004963598008836387,12.401921794786318,0.6073938059416767,11.566475669171307,1.536449946941984,13.120650038296313,0.001573636138584177,10.433333333333334,0.0011384294920137148,131.7289423685877,0.9006694323279056
1586241960,2020-04-07 14:46:00,46.400000000000006,0.07150611827813103,15.132324511699219,0.004963598008836387,null,null,13.224492603955149,4.034059658314795,13.120650038296313,0.001573636138584177,11.431428095317447,0.0014046078892133453,131.7289423685877,0.9006694323279056
1586241970,2020-04-07 14:46:10,46.400000000000006,0.07150611827813103,15.132324511699219,0.004963598008836387,null,null,10.125082520305359,4.95736767487322,13.120650038296313,0.001573636138584177,11.431428095317447,0.0014046078892133453,131.7289423685877,0.9006694323279056
1586241980,2020-04-07 14:46:20,0,null,0,0.0038805764999985115,null,null,7.158218062674849,6.584475153515904,2.1353975509659335,0.0010521793384534943,11.431428095317447,0.0014046078892133453,3.1999999999999997,0.07780371350192909
1586241990,2020-04-07 14:46:30,0,null,0,0.0038805764999985115,null,null,0.2000400080016003,3.2394110850000293,2.1353975509659335,0.0010521793384534943,0,null,3.1999999999999997,0.07780371350192909
1586242000,2020-04-07 14:46:40,0,null,0,0.0038805764999985115,null,null,0.9333022232592246,0.3358461136785341,2.1353975509659335,0.0010521793384534943,0,null,3.1999999999999997,0.07780371350192909
1586242010,2020-04-07 14:46:50,17.799999999999997,0.04619979851618445,5.766666666666666,0.007416276897482339,null,null,1.9333022232592245,0.32823345950165095,3.5996400359964,0.0005632774636442407,0,null,33.20110670355679,0.18551774076672845
1586242020,2020-04-07 14:47:00,17.799999999999997,0.04619979851618445,5.766666666666667,0.007416276897482339,null,null,5.7002000318559265,0.8085892569560915,3.5996400359964005,0.0005632774636442406,6.931715932948978,0.0009353107115390894,33.20110670355679,0.18551774076672845
1586242030,2020-04-07 14:47:10,17.799999999999997,0.04619979851618445,5.766666666666667,0.007416276897482339,19.32691888888889,6.511834215740704,6.266747823595201,0.7576095137038045,3.5996400359964005,0.0005632774636442406,6.931715932948978,0.0009353107115390894,33.20110670355679,0.18551774076672845
1586242040,2020-04-07 14:47:20,29.19902669911003,0.06284667647922264,11.898413544860686,0.006238828347982721,21.441197777777777,7.049350701853676,7.033414490261869,0.7700389179874595,8.899999999999999,0.0015290712491525537,6.931715932948978,0.0009353107115390894,89.48508581903016,0.40091749692316897
1586242050,2020-04-07 14:47:30,29.19902669911003,0.06284667647922264,11.898413544860686,0.006238828347982721,21.5,8.08239048832042,9.166516681665167,1.3346887081530479,8.9,0.0015290712491525537,9.802287200346749,0.0010984835374153348,89.48508581903016,0.40091749692316897
1586242060,2020-04-07 14:47:40,29.19902669911003,0.06284667647922264,11.898413544860686,0.006238828347982721,0,null,10.26632004621606,1.280899046517546,8.9,0.0015290712491525537,9.802287200346749,0.0010984835374153348,89.48508581903016,0.40091749692316897
1586242070,2020-04-07 14:47:50,44.168138937964606,0.08236665510414343,15.035338045072676,0.0068209194258671705,19.36435486201416,5.8253914755999885,10.566388937401323,1.2689120798407332,11.73333333333333,0.0006285141214576289,9.802287200346749,0.0010984835374153348,101.71695282547091,0.5151298263705232
1586242080,2020-04-07 14:48:00,44.168138937964606,0.08236665510414343,15.035338045072676,0.0068209194258671705,23.16671168017072,4.870106122604527,11.566388937401324,3.2148508674611054,11.733333333333333,0.0006285141214576289,10.09966334455518,0.020242509204623012,101.71695282547091,0.5151298263705232
1586242090,2020-04-07 14:48:10,44.168138937964606,0.08236665510414343,15.035338045072676,0.0068209194258671705,24.273948851322064,4.6491002327641295,10.700473430022104,3.4965147025728394,11.733333333333333,0.0006285141214576289,10.09966334455518,0.020242509204623012,101.71695282547091,0.5151298263705232
1586242100,2020-04-07 14:48:20,24.4,0.2755290762544546,10.794962350902912,0.007817383570401536,39.178022222222225,5.041181608315569,9.833537905497952,3.7628520069884135,7.800780078007801,0.0005399824491684172,10.09966334455518,0.020242509204623012,75.89999999999999,0.5520761499131309
1586242110,2020-04-07 14:48:30,24.4,0.2755290762544546,10.794962350902912,0.007817383570401536,40.83333333333333,4.837154128379782,6.400176795312736,1.6612219716397332,7.800780078007801,0.0005399824491684172,6.733557785259509,0.0009140707821747002,75.89999999999999,0.5520761499131309
1586242120,2020-04-07 14:48:40,24.4,0.2755290762544546,10.794962350902912,0.007817383570401536,40.83333333333333,4.837154128379782,5.166322283691768,1.9556755318162806,7.800780078007801,0.0005399824491684172,6.733557785259509,0.0009140707821747002,75.89999999999999,0.5520761499131309
1586242130,2020-04-07 14:48:50,3.7333333333333334,0.07191797484665585,1.567398119122257,0.008681667693095224,null,null,4.366602266367189,2.381264367588065,2.4334144471482384,0.0006404523066296027,6.733557785259509,0.0009140707821747002,27.666666666666668,1.4636124437879678
1586242140,2020-04-07 14:49:00,3.7333333333333334,0.07191797484665585,1.567398119122257,0.008681667693095224,null,null,1.399970043441302,3.1511001897770043,2.4334144471482384,0.0006404523066296027,0.8333333333333334,0.0007604458399873693,27.666666666666668,1.4730511355404816
1586242150,2020-04-07 14:49:10,3.7333333333333334,0.07191797484665585,1.567398119122257,0.008681667693095224,null,null,1.3335211509346403,2.7680248329059847,2.4334144471482384,0.0006404523066296027,0.8333333333333334,0.0007604458399873693,27.666666666666668,1.4751529482785048
1586242160,2020-04-07 14:49:20,17.33044492584569,0.11669561721584892,5.5666666666666655,0.008503818544364362,null,null,1.6000633601164271,1.8211819752867293,3.133228892370254,0.0007099935207675416,0.8333333333333334,0.0007604458399873693,31.3,0.4540186573131292
1586242170,2020-04-07 14:49:30,17.33044492584569,0.11669561721584892,5.566666666666666,0.008503818544364362,null,null,3.7305023533788995,1.4098885172363178,3.133228892370254,0.0007099935207675416,4.066531115629479,0.002376878106554718,31.3,0.4540186573131292
1586242180,2020-04-07 14:49:40,17.33044492584569,0.11669561721584895,5.566666666666666,0.008503818544364362,27.763212432354344,9.036957018702072,4.6304012186696895,1.2406052588387666,3.133228892370254,0.0007099935207675416,4.066531115629479,0.002376878106554718,31.3,0.4540186573131292
1586242190,2020-04-07 14:49:50,22.301486765784382,0.1083626085320684,7.866404453184893,0.010662221818837641,32.635921925525885,9.33731065379161,5.430543444448099,1.1654799787538856,6.5993400659934,0.014379785839973992,4.066531115629479,0.002376878106554718,61.02926471568562,0.370669961131574
1586242200,2020-04-07 14:50:00,22.301486765784382,0.1083626085320684,7.866404453184893,0.010662221818837641,35.29373604027069,10.10015082777772,7.872188836007475,1.5017527218013744,6.599340065993401,0.014379785839973989,7.7,0.0008393802597401706,61.02926471568562,0.370669961131574
1586242210,2020-04-07 14:50:10,22.301486765784382,0.1083626085320684,7.866404453184893,0.010662221818837641,35.697620158656086,11.54582401169004,7.472157725933367,1.5517136660715427,6.599340065993401,0.014379785839973989,7.7,0.0008393802597401706,61.02926471568562,0.370669961131574
1586242220,2020-04-07 14:50:20,37.27039370603727,0.24939213026273738,10.633687789592985,0.01024207948458102,36.49583558618603,11.386431478749017,7.7386688324513875,1.4946494659965615,8.33361112037068,0.00042843530553844417,7.7,0.0008393802597401706,64.27095139675978,0.41426629483317867
1586242230,2020-04-07 14:50:30,37.27039370603727,0.24939213026273738,10.633687789592985,0.01024207948458102,39.66026836996501,10.503322157975878,12.03343557126001,0.829542499839004,8.33361112037068,0.00042843530553844417,14.767158905296844,0.001194730862302809,64.27095139675978,0.41426629483317867
1586242240,2020-04-07 14:50:40,37.27039370603727,0.24939213026273738,10.633687789592987,0.010242079484581022,102.78161443387947,1.758414889916513,15.56694890851947,0.673736562400288,8.33361112037068,0.00042843530553844417,14.767158905296844,0.001194730862302809,64.27095139675978,0.41426629483317867
1586242250,2020-04-07 14:50:50,78.5,0.0952312337887815,25.066666666666663,0.005148516644170075,116.9679410340045,1.5596279816832188,19.066832245741562,0.5548409739559474,24.134942329488634,0.0006926762176330249,14.767158905296844,0.001194730862302809,184.7605079830672,0.062072894243989936
1586242260,2020-04-07 14:51:00,78.5,0.0952312337887815,25.066666666666666,0.005148516644170075,122.86312032296259,1.4824769777696951,25.26647223862941,0.1726380052201773,24.134942329488634,0.0006926762176330249,25,0.0014265864053328795,184.7605079830672,0.062072894243989936
1586242270,2020-04-07 14:51:10,78.5,0.0952312337887815,25.066666666666666,0.005148516644170075,133.26216692997235,0.5087114031611365,26.33299001144406,0.1520461177179236,24.134942329488634,0.0006926762176330249,25,0.0014265864053328795,184.7605079830672,0.062072894243989936
1586242280,2020-04-07 14:51:20,94.32704486367574,0.08211662271374227,31.666666666666664,0.007819725633631643,150.0434296265845,0.47208207311094175,27.933620036001834,0.136576709519408,31.96773225774193,0.000763978700296015,25,0.0014265864053328795,255.54185139504654,0.06298934884714343
1586242290,2020-04-07 14:51:30,94.32704486367574,0.08211662271374227,31.666666666666668,0.007819725633631643,157.8919584351088,0.4536239512244903,30.56731781466891,0.14187253858219379,31.96773225774193,0.000763978700296015,31.933333333333334,0.0015768749363228294,255.54185139504654,0.06298934884714343
1586242300,2020-04-07 14:51:40,94.32704486367575,0.08211662271374226,31.666666666666668,0.007819725633631643,162.90256241837042,0.36174964551216165,31.833984481335577,0.13878821353239532,31.96773225774193,0.000763978700296015,31.933333333333334,0.0015768749363228294,255.54185139504654,0.06298934884714343
1586242310,2020-04-07 14:51:50,96.37309153943596,0.07205164979723956,31.33333333333333,0.006114456218883702,163.63972639020307,0.35913139113338255,30.900195562074295,0.13896993056484294,32.66122312947842,0.0008365540508825174,31.933333333333334,0.0015768749363228294,261.6825544963669,0.05566227975771816
1586242320,2020-04-07 14:52:00,96.37309153943596,0.07205164979723956,31.333333333333332,0.006114456218883702,164.17384639079654,0.3582069666483972,32.799777785184936,0.1341057240318406,32.66122312947842,0.0008365540508825174,32.43333333333333,0.001433822801643921,261.6825544963669,0.05566227975771816
1586242330,2020-04-07 14:52:10,96.37309153943596,0.07205164979723956,31.333333333333332,0.006114456218883702,161.53300527675114,0.35385983211032745,32.03311111851827,0.1347936414248595,32.66122312947842,0.0008365540508825174,32.43333333333333,0.001433822801643921,261.6825544963669,0.05566227975771816
1586242340,2020-04-07 14:52:20,92.86666666666667,0.06992315419114124,32.03333333333333,0.005096865706164757,160.3954791472805,0.3534049008719445,32.39977778518494,0.1354619826057095,31.070809441258834,0.000660832962532807,32.43333333333333,0.001433822801643921,252.71684778985266,0.05607267934701984
1586242350,2020-04-07 14:52:30,92.86666666666667,0.06992315419114124,32.03333333333333,0.005096865706164758,160.6950769116504,0.361334522255629,29.73312892118365,0.16282805741246384,31.070809441258834,0.000660832962532807,29.399020032665575,0.001640693876418403,252.71684778985266,0.05607267934701984
1586242360,2020-04-07 14:52:40,92.86666666666667,0.06992315419114124,32.03333333333333,0.005096865706164758,156.20719815866804,0.6191063081542189,30.898595787816987,0.1737768941345961,31.070809441258834,0.000660832962532807,29.399020032665575,0.001640693876418403,252.71684778985266,0.05607267934701984
1586242370,2020-04-07 14:52:50,93.8,0.14040951912034172,30.766666666666662,0.006968416986993459,156.0429348230254,0.6519350298194976,30.73192912115033,0.19298858863518872,30.599999999999998,0.0008249335076050942,29.399020032665575,0.001640693876418403,245.5666666666667,0.12330143025743591
1586242380,2020-04-07 14:53:00,93.8,0.14040951912034172,30.766666666666666,0.006968416986993459,155.37626815635872,0.6457919944984041,31.332558006042632,0.20699428906652842,30.6,0.0008249335076050943,32.50108336944565,0.001830988756920329,245.5666666666667,0.12330143025743591
1586242390,2020-04-07 14:53:10,93.8,0.14040951912034172,30.766666666666666,0.006968416986993459,158.66021166848458,0.4973863058762297,30.4681468709201,0.19943526108943008,30.6,0.0008249335076050943,32.50108336944565,0.001830988756920329,245.5666666666667,0.12330143025743591
1586242400,2020-04-07 14:53:20,95.3634878837372,0.08111320204226095,30.06566447785074,0.0064486298805547775,160.82568821613935,0.4646950770827464,31.701480204253436,0.18238029449815854,33.30111003700124,0.0006860200259563453,32.50108336944565,0.001830988756920329,258.8,0.06696979585012815
1586242410,2020-04-07 14:53:30,95.3634878837372,0.08111320204226095,30.06566447785074,0.0064486298805547775,161.02568821613937,0.46490452216449335,33.767722398177476,0.17826090802334058,33.30111003700124,0.0006860200259563453,32.76229836021864,0.0012504660284830625,258.8,0.06696979585012815
1586242420,2020-04-07 14:53:40,95.3634878837372,0.08111320204226095,30.06566447785074,0.0064486298805547775,158.33333333333337,0.4858324025424773,33.733333333333334,0.18202049189031555,33.30111003700124,0.0006860200259563453,32.76229836021864,0.0012504660284830625,258.8,0.06696979585012815
1586242430,2020-04-07 14:53:50,95.2968234392187,0.0926094783280885,31.10103670122337,0.006173442692115484,156.73123801515493,0.4889459170476349,32.833333333333336,0.18449493959798494,31.265624479184023,0.0007881360052936839,32.76229836021864,0.0012504660284830625,250.96666666666667,0.0767862882510897
1586242440,2020-04-07 14:54:00,95.2968234392187,0.0926094783280885,31.10103670122337,0.006173442692115484,156.63123801515493,0.48968441489388953,30.833333333333332,0.1695388015092239,31.265624479184023,0.0007881360052936839,30.567685589519655,0.0013980799847317447,250.96666666666667,0.0767862882510897
1586242450,2020-04-07 14:54:10,95.2968234392187,0.0926094783280885,31.10103670122338,0.006173442692115485,155.83123801515492,0.5902447384977662,30.266666666666666,0.16879739837006352,31.265624479184023,0.0007881360052936839,30.567685589519655,0.0013980799847317447,250.96666666666667,0.0767862882510897
1586242460,2020-04-07 14:54:20,96.00640042669511,0.10043602102353666,32.666666666666664,0.0061324999142643045,155.76869578232507,0.5964662651413892,29.933333333333337,0.173584220262824,31.766666666666662,0.0007032469204164645,30.567685589519655,0.0013980799847317447,249.13333333333333,0.08564462035682407
1586242470,2020-04-07 14:54:30,96.00640042669511,0.10043602102353666,32.666666666666664,0.006132499914264305,155.6349735730654,0.5951260376024246,31.433333333333337,0.18723423936270797,31.766666666666666,0.0007032469204164647,32.33656699003233,0.0013641722515466866,249.13333333333333,0.08564462035682407
1586242480,2020-04-07 14:54:40,96.00640042669511,0.10043602102353666,32.666666666666664,0.006132499914264305,158.7349735730654,0.49538216882446406,32.1,0.18840326306857708,31.766666666666666,0.0007032469204164647,32.33656699003233,0.0013641722515466866,249.13333333333333,0.08564462035682407
1586242490,2020-04-07 14:54:50,93.26666666666667,0.13255319235749208,29.63333333333333,0.005579862245670415,160.4658411386287,0.5031026391392499,32.46666666666667,0.19447243613146964,32.830050328300494,0.0008247196828681377,32.33656699003233,0.0013641722515466866,259.73333333333335,0.0991993193893069
1586242500,2020-04-07 14:55:00,93.26666666666667,0.13255319235749208,29.633333333333333,0.005579862245670415,160.86663225018512,0.5058554361928135,32.43333333333333,0.19954741652417093,32.8300503283005,0.0008247196828681378,32.13333333333333,0.001406327487551479,259.73333333333335,0.0991993193893069
1586242510,2020-04-07 14:55:10,93.26666666666667,0.13255319235749208,29.633333333333333,0.005579862245670415,161.49996558351847,0.49112985145674193,32.599999999999994,0.19257980402046374,32.8300503283005,0.0008247196828681378,32.13333333333333,0.001406327487551479,259.73333333333335,0.0991993193893069
1586242520,2020-04-07 14:55:20,95.86666666666666,0.08566782681660189,32.19785347643491,0.007066197144430544,160.73415891640832,0.47186900722474495,32.16666666666667,0.1791162841699715,30.470729430590744,0.0009956872794580549,32.13333333333333,0.001406327487551479,249.13333333333333,0.0640471638392086
1586242530,2020-04-07 14:55:30,95.86666666666666,0.08566782681660189,32.19785347643491,0.007066197144430544,160.36709001411157,0.4688331513804082,30.2,0.1524012631931673,30.470729430590744,0.0009956872794580549,30.233333333333334,0.0014617978842332582,249.13333333333333,0.0640471638392086
1586242540,2020-04-07 14:55:40,95.86666666666666,0.08566782681660189,32.19785347643491,0.007066197144430544,154.3004233474449,0.6122554307912385,30.6,0.16559395775709393,30.470729430590744,0.0009956872794580549,30.233333333333334,0.0014617978842332582,249.13333333333333,0.0640471638392086
1586242550,2020-04-07 14:55:50,88.23039232025599,0.08505666890450715,27.93519567971198,0.007821245725055,154.83333333333331,0.6183140590965397,30.06666666666667,0.17544423235587295,30.40000000000001,0.0006917650393813697,30.233333333333334,0.0014617978842332582,243.1,0.09134586120889476
1586242560,2020-04-07 14:56:00,88.23039232025599,0.08505666890450715,27.93519567971198,0.007821245725055,154.9333333333333,0.6175954197270592,31.53333333333333,0.1896765523657416,30.4,0.0006917650393813698,31.633333333333333,0.0014953634056900247,243.1,0.09134586120889476
1586242570,2020-04-07 14:56:10,88.23039232025599,0.08505666890450715,27.93519567971198,0.007821245725055,161.02965456706997,0.4304202111918901,30.7,0.18092915964167636,30.4,0.0006917650393813698,31.633333333333333,0.0014953634056900247,243.1,0.09134586120889476
1586242580,2020-04-07 14:56:20,95.53651788392948,0.08397728059833559,32.63333333333333,0.006542175896095309,160.6940882725635,0.43017864007620815,31.499999999999996,0.17079582922218375,31.73333333333334,0.0007321340356202082,31.633333333333333,0.0014953634056900247,253.13333333333333,0.07137411064641133
1586242590,2020-04-07 14:56:30,95.53651788392948,0.08397728059833559,32.63333333333333,0.00654217589609531,160.66075493923017,0.431198205843557,30.833333333333332,0.15513623532213783,31.733333333333334,0.0007321340356202083,30.965634478850703,0.0011862436243257554,253.13333333333333,0.07137411064641133
1586242600,2020-04-07 14:56:40,95.53651788392948,0.08397728059833559,32.63333333333333,0.00654217589609531,158.16802938090495,0.5201089541184194,30.833333333333332,0.17136829026268183,31.733333333333334,0.0007321340356202083,30.965634478850703,0.0011862436243257554,253.13333333333333,0.07137411064641133
1586242610,2020-04-07 14:56:50,91.13333333333333,0.1511469376745885,29.599999999999998,0.005707272675221299,158.3378224016376,0.5390435988498563,30.46666666666667,0.18705296889825734,31.33333333333334,0.0008805326571038649,30.965634478850703,0.0011862436243257554,249.56666666666666,0.12002945289519197
1586242620,2020-04-07 14:57:00,91.13333333333333,0.1511469376745885,29.6,0.0057072726752213,158.8378224016376,0.5429467094282633,31.199575583849967,0.2305197885741602,31.333333333333332,0.0008805326571038648,31.5,0.0013936973523808649,249.56666666666666,0.12002945289519197
1586242630,2020-04-07 14:57:10,91.13333333333333,0.1511469376745885,29.6,0.0057072726752213,156.80089339289282,0.5519936938108975,30.6329089171833,0.2183600254672709,31.333333333333332,0.0008805326571038648,31.5,0.0013936973523808649,249.56666666666666,0.12002945289519197
1586242640,2020-04-07 14:57:20,89.1,0.09067640325654111,31.033333333333328,0.0067053609130178875,155.80083014078988,0.5340470075385285,29.899575583849966,0.20517286553856662,28.93333333333334,0.0006571097585996716,31.5,0.0013936973523808649,239.13333333333335,0.08438935575005449
1586242650,2020-04-07 14:57:30,89.1,0.09067640325654111,31.033333333333335,0.006705360913017887,155.10044459808574,0.5331810890477873,28.333121142924394,0.1822179606795827,28.933333333333334,0.0006571097585996717,27.563910275639103,0.0012858461523593918,239.13333333333335,0.08438935575005449
1586242660,2020-04-07 14:57:40,89.1,0.09067640325654111,31.033333333333335,0.006705360913017887,152.06711126475244,0.5601259990655156,29.06645447625773,0.18654811801511512,28.933333333333334,0.0006571097585996717,27.563910275639103,0.0012858461523593918,239.13333333333335,0.08438935575005449
1586242670,2020-04-07 14:57:50,92.26359121362621,0.08969769705460376,28.533333333333328,0.006757490353211651,153.866370129,0.5695165281150034,30.499787809591062,0.1922913605398938,31.033333333333342,0.0006932071704015925,27.563910275639103,0.0012858461523593918,251,0.0998369285212947
1586242680,2020-04-07 14:58:00,92.26359121362621,0.08969769705460376,28.533333333333335,0.006757490353211651,154.6004990187046,0.5659431037169778,31.73395336785393,0.18443993922410984,31.033333333333335,0.0006932071704015925,31.3031303130313,0.0021416186240694377,251,0.0998369285212947
1586242690,2020-04-07 14:58:10,92.26359121362621,0.08969769705460376,28.533333333333335,0.006757490353211651,162.6004990187046,0.5688859935749041,31.300620034520595,0.17783433893754463,31.033333333333335,0.0006932071704015925,31.3031303130313,0.0021416186240694377,251,0.0998369285212947
1586242700,2020-04-07 14:58:20,91.4363812127071,0.11272026419765234,32.03333333333333,0.007022636307676388,160.50038226355596,0.5653797609585136,30.26728670118726,0.1787770077695394,30.595920543927477,0.0007225384738944778,31.3031303130313,0.0021416186240694377,241.66666666666666,0.07968270222941294
1586242710,2020-04-07 14:58:30,91.4363812127071,0.11272026419765234,32.03333333333333,0.007022636307676389,159.93330558322216,0.5695366564938906,30.5,0.20522471386007132,30.595920543927477,0.0007225384738944778,31.032298923369222,0.001564266957035913,241.66666666666666,0.07968270222941294
1586242720,2020-04-07 14:58:40,91.4363812127071,0.11272026419765234,32.03333333333333,0.007022636307676389,151.0333055832222,0.6149670893894097,29.766153384661532,0.23926683483664904,30.595920543927477,0.0007225384738944778,31.032298923369222,0.001564266957035913,241.66666666666666,0.07968270222941294
1586242730,2020-04-07 14:58:50,89.53333333333333,0.2540475502159617,28.765707809739673,0.007046740767710772,149.53016084599662,0.680749264330605,30.432820051328196,0.27161978238742057,30.434347811593724,0.0012808352830600406,31.032298923369222,0.001564266957035913,242.85857138095395,0.21313565612539065
1586242740,2020-04-07 14:59:00,89.53333333333333,0.2540475502159617,28.765707809739673,0.007046740767710772,149.59643419244063,0.691842196576372,28.732820051328197,0.3457181263331176,30.434347811593724,0.0012808352830600406,28.268551236749115,0.0013308856698116944,242.85857138095395,0.21313565612539065
